{
  "run_label": "20260502_075406",
  "config": {
    "num_jobs": 50,
    "resumes_per_job": 5,
    "model": "llama-3.1-8b-instant"
  },
  "phases": {
    "generation": {
      "jobs_generated": 50,
      "pairs_generated": 198
    },
    "validation": {
      "resume_summary": {
        "total": 198,
        "valid": 198,
        "invalid": 0,
        "success_rate": 1.0
      },
      "job_summary": {
        "total": 50,
        "valid": 50,
        "invalid": 0,
        "success_rate": 1.0
      }
    },
    "labeling": {
      "total_pairs": 198,
      "overall_pass_rate": 0.6111111111111112,
      "average_skills_overlap": 0.737308370641704,
      "failure_rates": {
        "low_skills_overlap": 0.14646464646464646,
        "experience_mismatch": 0.030303030303030304,
        "seniority_mismatch": 0.19696969696969696,
        "missing_core_skill": 0.11616161616161616,
        "hallucinated_skill": 0.005050505050505051,
        "awkward_language": 0.0
      },
      "by_template": {
        "career_changer": {
          "count": 45,
          "failures": 25,
          "failure_rate": 0.5555555555555556
        },
        "technical": {
          "count": 33,
          "failures": 14,
          "failure_rate": 0.42424242424242425
        },
        "casual": {
          "count": 38,
          "failures": 8,
          "failure_rate": 0.21052631578947367
        },
        "formal": {
          "count": 41,
          "failures": 15,
          "failure_rate": 0.36585365853658536
        },
        "achievement_focused": {
          "count": 41,
          "failures": 15,
          "failure_rate": 0.36585365853658536
        }
      },
      "by_fit_level": {
        "excellent": {
          "count": 40,
          "avg_overlap": 0.9155952380952381
        },
        "good": {
          "count": 35,
          "avg_overlap": 0.8054421768707484
        },
        "partial": {
          "count": 42,
          "avg_overlap": 0.7658163265306122
        },
        "poor": {
          "count": 41,
          "avg_overlap": 0.6272357723577238
        },
        "mismatch": {
          "count": 40,
          "avg_overlap": 0.5822954822954826
        }
      },
      "niche_role_failure_rate": 0.0
    },
    "correction": {}
  },
  "stage_times_seconds": {
    "phase1_generation": 4970.32,
    "phase2_validation": 2.51,
    "phase3_labeling": 2.39,
    "phase4_correction": 0.14
  },
  "files": {
    "jobs": "data/generated/jobs_20260502_075406.jsonl",
    "pairs": "data/generated/pairs_20260502_075406.jsonl",
    "resumes": "data/generated/resumes_20260502_075406.jsonl",
    "resume_validation_heatmap": "data/validated/visualizations/resume_field_validation_20260502_075406.png",
    "job_validation_heatmap": "data/validated/visualizations/job_field_validation_20260502_075406.png",
    "failure_labels": "data/labeled/failure_labels_20260502_075406.jsonl",
    "failed_pairs": "data/labeled/failed_pairs_20260502_075406.jsonl",
    "failure_mode_correlation": "data/labeled/visualizations/failure_mode_correlation_20260502_075406.png",
    "failure_by_template": "data/labeled/visualizations/failure_by_template_20260502_075406.png",
    "failure_by_fit_level": "data/labeled/visualizations/failure_by_fit_level_20260502_075406.png",
    "niche_vs_standard": "data/labeled/visualizations/niche_vs_standard_20260502_075406.png",
    "hallucination_by_seniority": "data/labeled/visualizations/hallucination_by_seniority_20260502_075406.png"
  },
  "total_time_seconds": 4975.36
}